Tagged EN,ukr_reference
<neutral> A doctor told me that eating eggs was bad for me.,"Лікар сказав, що яйця шкідливі для мене."
<male> A good doctor follows his own directions.,Добрий лікар слухається власних порад.
"<female> A lady, whose husband is a famous scientist, came over from the other side.","Пані, чоловік якої відомий вчений, підійшла з іншого боку."
<neutral> All doctors say something to please their patients.,"Будь-який лікар каже те, що подобається пацієнтам."
<neutral> All doctors say what their patients want them to.,"Будь-який лікар каже те, що подобається пацієнтам."
<female> All the kids love this teacher.,Всі діти дуже люблять цього вчителя.
<neutral> All the workers went home save one.,"Всі робітники пішли додому, за винятком одного."
"<neutral> Among the audience, there were teachers, lawyers, engineers, and so on.","Серед слухачів були вчителі, адвокати, інженери і так далі."
<neutral> An apple a day keeps the doctor away.,Одне яблуко в день зробить вашого доктора безробітним.
<neutral> A police officer told us to leave the park.,Поліцейський сказав нам піти з парку.
"<female> Apparently, Tom used to be a teacher.","Певно, Том колись був вчителем."
<neutral> Aren't you a chemistry major?,Хіба ваша спеціалізація — не хімія?
<neutral> Aren't you a chemistry student?,Хіба ви не студент-хімік?
<neutral> Aren't you a chemistry student?,Хіба ти не студент-хімік?
<neutral> Aren't you a doctor?,Хіба ви не лікар?
<neutral> Aren't you a doctor?,Хіба ти не лікар?
<neutral> Aren't you a pathologist?,Хіба ви не патологоанатом?
<neutral> Aren't you a pathologist?,Хіба ти не патологоанатом?
<neutral> Aren't you a police officer?,Хіба ви не офіцер поліції?
<neutral> Aren't you a police officer?,Хіба ти не офіцер поліції?
<neutral> Aren't you a psychologist?,Хіба ти не психолог?
<female> Aren't you a science teacher?,Хіба ви не викладач наукових дисциплін?
<female> Aren't you a science teacher?,Хіба ти не викладач наукових дисциплін?
<female> Aren't you a teacher here?,Хіба dи тут не учитель?
<female> Aren't you a teacher here?,Хіба не ви тут учитель?
<female> Aren't you a teacher here?,Хіба не ти тут учитель?
<female> Aren't you a teacher here?,Хіба ти тут не учитель?
<female> Aren't you a teacher?,Хіба ви не вчитель?
<female> Aren't you a teacher?,Хіба ти не викладач?
<neutral> Aren't you doctors?,Хіба ви не лікарі?
<neutral> Aren't you the manager?,Хіба ви не керівник?
<neutral> Aren't you the manager?,Хіба не ти керівник?
<neutral> Aren't you the manager?,Хіба ти не керівник?
<neutral> Are there any French-speaking doctors working here?,"Тут працюють які-небудь лікарі, що говорять французькою?"
<neutral> Are there any French-speaking doctors working here?,Тут працюють які-небудь франкомовні лікарі?
<neutral> Are you a doctor?,Ви - лікар?
<male> Are you an engineer?,Ви інженер?
<male> Are you an engineer?,Ти інженер?
<female> Are you a teacher here or a student?,Ви тут вчитель чи учень?
<female> Are you a teacher or a student here?,Ви тут вчитель чи учень?
<female> Are you a teacher or a student?,Ви учитель чи студент?
<female> Are you a teacher?,Ви викладач?
<female> Are you a teacher?,Ви професор?
<female> Are you a teacher?,Ти викладач?
<female> Are you a teacher?,Ти вчитель?
<female> Are you a teacher?,Ти професор?
<neutral> Are you doctors?,Ви лікарі?
<neutral> Are you studying chemistry?,Ви вивчаєте хімію?
<neutral> Are you the doctor?,Ви - той лікар?
<neutral> Are you the pathologist?,Ви патолог?
<neutral> Are you the pathologist?,Ти патолог?
<neutral> Ask your doctors.,Запитайте своїх лікарів.
<female> A teacher should never make fun of a pupil who makes a mistake.,"Вчитель ніколи не повинен сміятися над учнем, який припустився помилки."
<neutral> A true scientist would not think like that.,Справжній вчений не думав би таким чином.
<neutral> A true scientist wouldn't think like that.,Справжній учений так не мислив би.
"<neutral> At the end of 2012, the Belarusian president re-introduced serfdom by forbidding the workers of Borisovdrev to quit their jobs.","У кінці 2012 року президент Білорусі знов увів кріпацтво, заборонивши працівникам Борисовдрева звільнятися."
"<female> Belarus has been described by former US secretary of state Condoleezza Rice as ""the last remaining true dictatorship in the heart of Europe"".",Колишній держсекретар США Кондоліза Райс описала Білорусь як «останню справжню диктатуру в самому центрі Європи».
<male> Bob became an engineer.,Боб став інженером.
<neutral> Both of Tom's parents are teachers.,Батьки Тома — вчителі.
<neutral> Both of Tom's parents are teachers.,Обоє батьки Тома — вчителі.
<neutral> Both of Tom's parents were teachers.,Батьки Тома були вчителями.
<female> Both Tom and Mary are carpenters.,"І Том, І Мері — теслі."
<female> Both Tom and Mary are therapists.,Том та Мері обоє терапевти.
<neutral> Call a doctor immediately.,Негайно зателефонуй до лікаря.
<neutral> Call a doctor immediately.,Негайно зателефонуйте до лікаря.
<neutral> Call a doctor.,Виклич лікаря.
<neutral> Call a doctor.,Викличте лікаря.
<neutral> Call a doctor.,Зателефонуй до лікаря.
<neutral> Call a doctor.,Зателефонуйте до лікаря.
<neutral> Call the manager.,Покличте керівника.
<neutral> Can I speak to the doctor?,Я можу поговорити з лікарем?
<neutral> Can I speak to your supervisor?,Я можу поговорити з вашим начальником?
<neutral> Can the doctor see me this week?,Чи може лікар прийняти мене цього тижня?
<neutral> Can the lawyer see me on Friday?,Чи може адвокат зустрітися зі мною у п'ятницю?
"<neutral> Can you call a doctor, please?","Ти не міг би викликати лікаря, будь ласка?"
<neutral> Can you recommend a good doctor?,Ви можете порекомендувати доброго лікаря?
<neutral> Can you recommend a good lawyer?,Можеш порекомендувати доброго адвоката?
<neutral> Can you remember your nursery teacher's name?,"Ти пам'ятаєш, як звали твою виховательку в дитячому садку?"
<female> Can your French teacher speak English?,Ваш учитель французької говорить англійською?
<female> Can your French teacher speak English?,Твій учитель французької говорить англійською?
<neutral> Compare your answers with the teacher's.,Порівняй свої відповіді з відповідями вчителя.
<neutral> Compare your answers with the teacher's.,Порівняйте свої відповіді з відповідями вчителя.
<neutral> Could you give me the name and phone number of a doctor?,Можете мені дати ім'я та номер телефону лікаря?
<male> Dan didn't even think to ask permission from his manager.,Ден навіть не подумав попросити дозволу у свого керівника.
"<neutral> Dao is like a broad road, is it difficult to discover? The problem is that people are not looking for it. If you return to the search, you will find plenty of teachers.","Отже, Дао - це як велика дорога. Хіба її важко знайти? Єдина біда - що люди не шукають. Якщо ти повернешся до пошуку, знайдеш вдосталь вчителів."
<neutral> Death is a great instructor.,Смерть є великим інструктором.
<male> Did he look like a doctor?,Він був схожий на лікаря?
<neutral> Did I mention Tom was a doctor?,"Я згадував, що Том - лікар?"
<neutral> Did I mention Tom was a doctor?,"Я згадувала, що Том - лікар?"
<female> Didn't you know that Tom is a French teacher?,"Ви не знали, що Том — викладач французької?"
<female> Didn't you know that Tom is a French teacher?,"Ти не знав, що Том — викладач французької?"
<female> Didn't you know that Tom is a French teacher?,"Ти не знала, що Том — викладач французької?"
<female> Didn't you know Tom is a French teacher?,"Ви не знали, що Том — викладач французької?"
<female> Didn't you know Tom is a French teacher?,"Ти не знав, що Том — викладач французької?"
<female> Didn't you use to be a teacher?,Ви хіба раніше не були вчителем?
<female> Didn't you use to be a teacher?,Ви хіба раніше не були вчителькою?
<female> Didn't you use to be a teacher?,Ти хіба раніше не був учителем?
<female> Didn't you use to be a teacher?,Ти хіба раніше не була вчителем?
<female> Didn't you use to be a teacher?,Ти хіба раніше не була вчителькою?
<neutral> Did you call the doctor?,Ви викликали лікаря?
<neutral> Did you call the doctor?,Ти викликав лікаря?
<neutral> Did you call the doctor?,Ти викликала лікаря?
<neutral> Did you find a doctor?,Ви знайшли лікаря?
<neutral> Did you find a doctor?,Ти знайшла лікаря?
<neutral> Did you find a doctor?,Ти знайшов лікаря?
<neutral> Did you see a doctor?,Ти був у лікаря?
<neutral> Did you see a doctor?,Ти була у лікаря?
"<neutral> Doctor, help me!","Лікарю, допоможіть мені!"
"<neutral> Doctor, I have memory problems.","Лікарю, у мене проблеми з пам'яттю."
"<neutral> Doctor, it's the wrong leg!","Лікарю, ви помилилися ногою!"
"<neutral> Doctor, it's the wrong leg!","Лікарю, це не та нога!"
"<neutral> Doctor, my stomach hurts.","Лікарю, мені болить живіт."
"<neutral> Doctor, my stomach hurts.","Лікарю, у мене болить шлунок."
<neutral> Doctors save lives.,Лікарі рятують життя.
<neutral> Doctors take an oath not to harm anyone.,Лікарі складають клятву нікому не нашкодити.
<female> Doctors write prescriptions in the same kind of language in which electric train drivers announce stations.,"Лікарі виписують рецепти на тій же мові, на якій машиністи в електричках об’являють зупинки."
<neutral> Does Tom need a doctor?,Тому потрібний лікар?
<neutral> Don't you want to talk to a lawyer?,Хіба ти не хочеш поговорити з адвокатом?
<female> Do you have a doctor or nurse in this hotel?,Чи є в готелі лікар че медсестра?
<neutral> Do you have a lawyer?,Ви маєте адвоката?
<neutral> Do you have a lawyer?,Ти маєш адвоката?
<neutral> Do you have a lawyer?,У вас є адвокат?
<neutral> Do you have a lawyer?,У тебе є адвокат?
<neutral> Do you need a lawyer?,Вам потрібен адвокат?
<female> Do you prefer a male or female doctor?,Тобі більше до вподоби лікар чоловік чи жінка?
<neutral> Do you study chemistry?,Ви вивчаєте хімію?
<neutral> Do you study chemistry?,Ти вивчаєш хімію?
<neutral> Edgar Degas was luckier than many painters.,"Едґару Деґа щастило більше, ніж багатьом іншим художникам."
<female> Educators should respect learners' mother tongue.,Працівникам освіти слід поважати рідну мову учнів.
"<male> Even now, the typical worker's whole life is still bound up with the company he works for.","Навіть зараз, все життя типового працівника все ще пов'язане з компанією, на яку він працює."
<male> Evolution is a tinkerer and not an engineer.,"Еволюція — лудильник, а не інженер."
<female> Experience is a good teacher.,Досвід - добрий учитель.
<female> Experience is the best teacher.,Досвід — найкращий учитель.
<female> Fuck this teacher with his new rules.,До біса з цим учителем та його новими правилами.
"<neutral> Good morning, doctor!","Доброго ранку, лікаре!"
<neutral> Go to the doctor at once!,Відразу йди до лікаря!
<neutral> Go to the doctor to get your prescription!,Сходи до лікаря і забери свій рецепт!
<female> Guess who Tom's French teacher was?,"Вгадай, хто був викладачем французької Тома?"
<female> Has our teacher been to Germany?,Наша вчителька бувала в Німеччині?
<neutral> Have you ever complained to the manager?,Ти колись скаржився керівнику?
<female> Have you ever met Tom's French teacher?,Ти колись зустрічав учителя французької Тома?
<neutral> Have you ever worked as a bartender before?,Ви раніше коли-небудь працювали барменом?
<neutral> Have you ever worked as a bartender before?,Ти раніше коли-небудь працював барменом?
<female> Have you made up your mind to become a teacher?,Ви вирішили стати вчителем?
<neutral> Have you talked to a lawyer about this?,Ти обговорив це з адвокатом?
<neutral> Have you talked to a lawyer about this?,Ти обговорила це з адвокатом?
<male> He doesn't trust the doctor any more.,Він уже не довіряє лікарю.
<male> He doesn't trust the doctor any more.,Він уже не йме віри лікареві.
<male> He had a good lawyer.,У нього був добрий адвокат.
<female> He had to part with his secretary because she got married.,"Він мусив попрощатися зі своєю секретаркою, бо вона завагітніла."
<male> He has lost faith in the doctor.,Він уже не довіряє лікарю.
<male> He hired some new workers.,Він взяв на роботу кілька нових співробітників.
<male> He is a cashier at a supermarket.,Він касир у супермаркеті.
<male> He is actually not the manager.,Він насправді не керівник.
<male> He is a doctor and an author.,"Він лікар, а ще письменник."
<male> He is a doctor.,Він лікар.
<male> He is a good doctor.,Він добрий лікар.
<male> He is a great scientist.,Він великий вчений.
<male> He is a great scientist.,Він чудовий учений.
<female> He is always finding fault with the work of his secretary.,Він завжди знаходить недоліки в роботі його секретарки.
<male> He is an able engineer.,Він талановитий інженер.
<male> He is an able lawyer.,Він талановитий адвокат.
<female> He is an English teacher.,Він викладач англійської.
<female> He is an experienced teacher.,Він досвідчений викладач.
<female> He is an experienced teacher.,Він досвідчений учитель.
<male> He is an expert lawyer.,Він досвідчений адвокат.
<male> He is a painter.,Він художник.
<male> He is a scientist and musician.,Він науковець та музикант.
<male> He is a scientist.,Він вчений.
<male> He is a scientist.,Він науковець.
<female> He is a teacher at our school.,Він учитель в нашій школі.
<female> He is a teacher of English.,Він викладач англійської.
<female> He is a teacher of the Italian language.,Він викладач італійської.
<female> He is a teacher of the Italian language.,Він викладач італійської мови.
<female> He is a teacher of the Italian language.,Він учитель італійської мови.
<female> He is a teacher.,Він вчитель.
<male> He is famous as a good doctor.,Він відомий як відмінний лікар.
<male> He is going to become a doctor.,Він стане лікарем.
<female> He is my teacher.,Він мій викладач.
<female> He is my teacher.,Це мій викладач.
<female> He is my teacher.,Це мій вчитель.
<male> He is no good as a lawyer.,Він поганий адвокат.
<male> He is not a doctor.,Він не лікар.
<male> He is not a physician.,Він не лікар.
<male> He is nothing more than a clerk.,Він всього-навсього службовець.
<male> He isn't actually the manager.,"Він, насправді, не начальник."
<female> He is our English teacher.,Він наш викладач англійської.
<female> He is our English teacher.,Він наш учитель англійської.
<female> He is our teacher of English.,Він наш учитель англійської.
<male> He is proud of being a doctor.,"Він пишається тим, що він лікар."
<male> He is said to be a great scientist.,Він вважається великим вченим.
<male> He knows how to argue with the manager.,"Він знає, як сперечатися з начальником."
<male> He knows how to argue with the manager.,Він уміє сперечатися з начальником.
<female> He likes that teacher.,Йому подобається вчитель.
<male> He looked like a doctor.,Він був схожий на лікаря.
<female> He made her his secretary.,Він назначив її своєю секретаркою.
<female> He made her his secretary.,Він назначив її своїм секретарем.
<male> He made up his mind to be a doctor.,Він вирішив бути лікарем.
<male> He needs a lawyer.,Йому потрібен адвокат.
<female> He or she is a programmer.,Він чи вона - програміст.
<male> He pretended that he was a lawyer.,Він вдавав із себе адвоката.
<male> He pretended that he was a lawyer.,Він вдавав із себе юриста.
<male> He proposed to send for the doctor.,Він запропонував послати когось за лікарем.
<male> He proposed to send for the doctor.,Він запропонував послати по лікаря.
<female> Her doctor wants to refer her to a specialist.,"Її лікар хоче, щоб вона показалася спеціалісту."
<female> Her dream is to become a nurse.,Її мрія — стати медсестрою.
"<female> Here comes our teacher, Robert Brown.","А ось і наш учитель, Роберт Браун."
<female> Her wife is our Italian teacher.,Її дружина — наша вчителька італійської.
<neutral> He's a bartender.,Він бармен.
<neutral> He's a doctor.,Він лікар.
<neutral> He's a good lawyer.,Він добрий адвокат.
<neutral> He's a great scientist.,Він великий вчений.
<neutral> He's an excellent brain surgeon.,Він чудовий нейрохірург.
<female> He's an Italian teacher.,Він учитель з Італії.
<female> He's an Italian teacher.,Він учитель італійської.
<female> He's a passive-aggressive teacher.,Він пасивно-агресивний учитель.
<neutral> He's a police officer.,Він офіцер поліції.
<neutral> He's a police officer.,Він поліцейський.
<neutral> He's a programmer.,Він програміст.
<female> He's a self-centered asshole that everybody calls teacher.,"Він егоцентричний мудак, якого всі називають учителем."
<male> He saw a physician.,Він відвідав лікаря.
<neutral> He's a world-class scientist.,Вiн - науковець мiжнародного рiвня.
<female> He's been working as a teacher for twenty years.,Він працює учителем уже двадцять років.
<neutral> He's considered to be one of the greatest scientists in the world.,Він вважається одним із найвидатніших учених світу.
<male> He sent for a doctor.,Він послав по лікаря.
<neutral> He's just an ordinary office worker.,Він звичайний офісний працівник.
<neutral> He's just an ordinary office worker.,Він лише звичайний офісний працівник.
<neutral> He's my lawyer.,Він мій адвокат.
<neutral> He's no doctor.,Він не лікар.
<neutral> He's not a doctor.,Він не лікар.
<male> He studied electromechanics and Buddhism at the local university.,Він вивчав електромеханіку та буддизм у місцевому університеті.
<male> He told me that he'd like to become a scientist.,"Він розповів, що хотів би стати науковцем."
<female> He was my math teacher.,Він був моїм викладачем математики.
<female> He was my math teacher.,Він був моїм учителем математики.
<female> He was promoted to the position of head teacher.,Його підвищили до посади завуча.
<female> He will be a good teacher.,Він стане хорошим викладачем.
<male> He will make a good doctor.,Він буде гарним доктором.
<female> He will present a book to his teacher.,Він подарує книжку своєму вчителю.
<male> He wishes to become a doctor.,Він хоче стати лікарем.
<male> His aim is to become a lawyer.,Його мета — стати адвокатом.
<female> His daughter is a nurse.,Його донька — медсестра.
<female> His daughter is a nurse.,Його дочка — медсестра.
"<male> His doctors told him that he would see, hear, and taste as before.","Його лікарі сказали йому, що він бачитеме, чутиме і відчуватиме смак так само як і до того."
<male> His doctor told him not to drink alcohol.,Лікар порадив йому не пити алкоголь.
<female> His mother is an English teacher.,Його мати - вчителька англійської.
<female> His sister became a doctor.,Його сестра стала лікарем.
<male> His sons want to be lawyers.,Його сини хочуть бути адвокатами.
<female> History is the teacher of life.,Історія — вчителька життя.
<neutral> How did you end up being Tom's manager?,"Як там вийшло, що ви стали начальником Тома?"
<female> How long have you been a teacher here?,Як довго ви були тут учителем?
<neutral> How long were you the manager?,Скільки часом ви були начальником?
<neutral> How long were you the manager?,Скільки часом ти був керівником?
<neutral> How many teachers do you know?,Скільки ви знаєте викладачів?
<neutral> How many teachers do you know?,Скільки ти знаєш викладачів?
<neutral> How much do police officers make?,Скільки заробляють поліцейські?
<neutral> How much do teachers make?,Скільки заробляють викладачі?
<neutral> How much do teachers make?,Скільки заробляють учителі?
<neutral> I advise you to listen to your doctor.,Раджу тобі послухатися лікаря.
<neutral> I aim to be a doctor when I grow up.,"Я планую стати лікарем, коли виросту."
<female> I always wanted to be a teacher.,Я завжди хотів бути викладачем.
<male> I am a carpenter.,Я тесляр.
<neutral> I am a doctor.,Я лікар.
<neutral> I am a German architect.,Я німецький архітектор.
<female> I am an English teacher.,Я викладач англійської.
<neutral> I am an office worker.,Я офісний працівник.
<neutral> I am a social worker.,Я соціальний працівник.
"<female> I am a teacher, not a student.","Я викладач, а не студент."
"<female> I am a teacher, not a student.","Я вчитель, а не учень."
"<neutral> ""I am a teacher."" ""So am I.""","""Я вчитель."" ""І я також."""
"<female> I am a teacher, too.",Я теж учитель.
<female> I am a teacher.,Я викладач.
<female> I am a teacher.,Я вчитель.
<neutral> I am determined to be a scientist.,Я вирішив бути науковцем.
<neutral> I am going to be a doctor.,Я буду лікарем.
"<female> I am not a doctor, but a teacher.","Я не лікар, а вчитель."
<neutral> I am not a doctor.,Я не лікар.
<neutral> I am not a lawyer.,Я не адвокат.
<female> I am not a teacher.,Я не вчитель.
<neutral> I am proud of being a doctor.,"Я пишаюся тим, що я - лікар."
"<neutral> “I appreciate that they put a Chinese character in that game, and the fact that she’s a scientist and she’s smart. She’s helping save the world,” Ye said.","«Мені приємно, що в гру додали героїню-китаянку, що вона науковець і вона розумна. Вона допомогає врятувати світ», — сказала Є."
<female> I asked my teacher what to do next.,"Я запитав свого вчителя, що робити далі."
<female> I became a teacher when I was thirty.,"Я став учителем, коли мені було тридцять."
<male> I believe he is not a lawyer.,"Мені здається, він не адвокат."
<neutral> I called a doctor.,Я викликав лікаря.
<neutral> I called a doctor.,Я зателефонував лікарю.
<neutral> I called my manager.,Я зателефонував начальникові.
<neutral> I called my manager.,Я покликав начальника.
<neutral> I cannot interrupt the manager. He's gonna fire me!,Я не можу перебивати начальника. Він мене звільнить!
<male> I consider him a great scientist.,Я вважаю його великим науковцем.
"<female> I'd be a good teacher, I think.","Гадаю, я був би добрим учителем."
"<female> I'd be a good teacher, I think.","Думаю, з мене вийшла би добра вчителька."
<neutral> I'd call a doctor if I were you.,На вашому місці я би зателефонував лікарю.
<neutral> I'd call a doctor if I were you.,На твоєму місці я би зателефонував лікарю.
<neutral> I decided to be a doctor.,Я вирішив бути лікарем.
<neutral> I decided to be a doctor.,Я вирішив стати лікарем.
<neutral> I decided to be a doctor.,Я вирішила бути лікарем.
<neutral> I decided to be a doctor.,Я вирішила стати лікарем.
<neutral> I decided to become a doctor.,Я вирішив бути лікарем.
<neutral> I decided to become a doctor.,Я вирішив стати лікарем.
<neutral> I decided to become a doctor.,Я вирішила бути лікарем.
<neutral> I decided to become a doctor.,Я вирішила стати лікарем.
<female> I didn't know that Tom used to be a French teacher.,"Я не знав, що Том колись був викладачем французької."
<female> I didn't like my French teacher.,Мені не подобається мій учитель французької.
<neutral> I'd like to come to see the doctor as soon as possible.,Я хотів би якомога швидше побачити лікаря.
<neutral> I'd like to speak to your manager.,Я хотів би поговорити з вашим керівником.
<neutral> I'd like to speak to your manager.,Я хотіла би поговорити з вашим керівництвом.
<neutral> I'd like to talk to the manager.,Я хотів би побалакати з менеджером.
<neutral> I'd like to talk to the manager.,Я хотіла би поговорити з керівником.
<neutral> I do not need a lawyer.,Мені не потрібен адвокат.
<male> I don't believe he is a lawyer.,"Мені здається, він не адвокат."
<male> I don't believe he is a lawyer.,"Я не вірю, що він адвокат."
<neutral> I don't believe he's a lawyer.,"Мені здається, він не адвокат."
<neutral> I don't believe he's a lawyer.,"Я не вірю, що він адвокат."
<male> I don't know if he is a doctor.,"Я не знаю, лікар він чи ні."
<neutral> I don't know if he's a doctor.,"Я не знаю, лікар він чи ні."
<neutral> I don't know who any of Tom's teachers are.,Я не знаю нікого з учителів Тома.
<neutral> I don't like doctors.,Я не люблю лікарів.
<neutral> I don't need a lawyer.,Я не потребую адвоката.
<neutral> I don't need a manager yet.,Мені поки що не потрібен менеджер.
<female> I don't understand what the teacher said.,"Я не розумію, що сказав учитель."
<female> I don't want to be a nurse any more.,Я більше не хочу бути медбратом.
<female> I don't want to be a nurse any more.,Я більше не хочу бути медсестрою.
<female> I enjoy being a teacher.,Мене подобається бути учителем.
"<female> If her temperature goes up, send for the doctor.","Якщо в неї підвищиться температура, покличте лікаря."
<female> I go monthly to the hairdresser.,Я ходжу до перукаря щомісяця.
<neutral> I got this job with my teacher's help.,Я отримав цю роботу за допомогою свого вчителя.
<female> I had a wonderful teacher.,У мене прекрасний учитель.
"<male> I had words with the manager of that store, because he refused to refund my money for the TV set that wasn't operating properly.","Я перемовив із менеджером того магазину, тому що він відмовився повернути гроші за телевізор, який не працював як слід."
<neutral> I hate chemistry.,Я не люблю хімію.
<neutral> I hate chemistry.,Я ненавиджу хімію.
<neutral> I hate lawyers.,Я ненавиджу адвокатів.
<male> I have a brother who's an architect.,У мене є брат-архітектор.
<neutral> I have a feeling you'll be a very good lawyer.,"У мене таке відчуття, що ви будете дуже добрим адвокатом."
<neutral> I have a feeling you'll be a very good lawyer.,"У мене таке відчуття, що ти будеш дуже добрим адвокатом."
<female> I have a friend whose father is a teacher.,"У мене є друг, чий батько - вчитель."
<neutral> I have a good lawyer.,У мене добрий адвокат.
<neutral> I have a good lawyer.,У мене є добрий адвокат.
<female> I have a great teacher.,У мене прекрасний учитель.
<female> I have a great teacher.,У мене чудовий учитель.
"<neutral> I have a stomachache, doctor.","Докторе, в мене болить живіт."
"<neutral> I have a stomachache, doctor.","Лікарю, мені болить живіт."
<female> I have a wonderful teacher.,У мене чудовий вчитель.
<female> I have a wonderful teacher.,У мене чудовий учитель.
<neutral> I have great belief in the doctor.,Я дуже вірю в цього лікаря.
<neutral> I have lost faith in the doctor.,Я втратив довіру до лікаря.
<neutral> I haven't seen a doctor.,Я не була у лікаря.
<neutral> I have the feeling that you'll be a very good lawyer.,"У мене таке відчуття, що ви будете дуже добрим адвокатом."
<neutral> I have the feeling that you'll be a very good lawyer.,"У мене таке відчуття, що ти будеш дуже добрим адвокатом."
<neutral> I have the feeling you'll be a very good lawyer.,"У мене таке відчуття, що ви будете дуже добрим адвокатом."
<neutral> I have the feeling you'll be a very good lawyer.,"У мене таке відчуття, що ти будеш дуже добрим адвокатом."
<neutral> I have to go to the doctor today.,Мені сьогодні треба піти до лікаря.
<neutral> I have wanted to be a painter for a long time.,Я давно хотів стати художником.
<female> I hear that Tom is now a teacher.,"Я чув, що Том тепер учитель."
<female> I hear that Tom is now a teacher.,"Я чула, що Том тепер учитель."
"<neutral> I hope to make clear why I think Emmet's theory, originally introduced in the field of design architecture, is so important in physics.","Я сподіваюсь пояснити, чому, на мій погляд, теорія Емета, первісно застосована при проектуванні у архітектурі, настільки важлива у фізиці."
<female> I intended to have become a teacher.,Я мала намір стати вчителькою.
<female> I intended to have become a teacher.,Я хотів стати вчителем.
<female> I intended to have been a teacher.,Я хотів стати вчителем.
<neutral> I intend to become a lawyer.,Я маю намір стати адвокатом.
<neutral> I knew it would be hot in the auditorium.,"Я знав, що в аудиторії буде спекотно."
<female> I know that you are a teacher.,"Я знаю, що ви вчитель."
<female> I know that you are a teacher.,"Я знаю, що ти вчитель."
<female> I know that you're a teacher.,"Я знаю, що ти вчитель."
<neutral> I know that you want to become a doctor.,"Я знаю, що ви хочете стати лікарем."
<female> I know you're a teacher.,"Я знаю, що ти вчитель."
<female> I like being a teacher.,Мене подобається бути учителем.
<female> I like our new French teacher.,Мені подобається наш новий учитель французької.
<female> I like the teacher.,Мені подобається вчитель.
"<neutral> I'll be damned, if by the end of the movie the chef doesn't turn out to be the killer.","Якщо під кінець фільму повар не виявиться вбивцею, то я не знаю!"
<female> I'll be your teacher.,Я буду твоїм учителем.
<neutral> I'll call the chef.,Я покличу шеф-кухара.
<neutral> I'll find a doctor.,Я знайду лікаря.
<neutral> I'm a baker.,Я пекар.
<neutral> I'm a bank clerk.,Я банківський службовець.
<neutral> I'm a bartender.,Я бармен.
<male> I'm a carpenter.,Я тесляр.
<neutral> I made up my mind to be a doctor.,Я вирішив стати лікарем.
"<neutral> I'm a doctor, Jim. Not a lawyer.","Я лікар, Джиме. Не адвокат."
<neutral> I'm a doctor now.,Я тепер лікар.
<neutral> I'm a doctor.,Я - лікар.
<neutral> I'm a doctor.,Я лікар.
<female> I'm a French teacher.,Я викладач французької.
<female> I'm a French teacher.,Я вчителька із Франції.
<female> I'm a gym teacher.,Я інструктор у спортзалі.
<female> I'm a Japanese teacher.,Я учитель японської мови.
<neutral> I'm a lawyer.,Я адвокат.
<female> I'm also a teacher.,Я теж учитель.
<male> I'm a mechanic.,Я механік.
<male> I'm an engineer.,Я інженер.
<neutral> I'm an officer.,Я офіцер.
<neutral> I'm a painter.,Я художник.
<neutral> I'm a paramedic.,Я фельдшер.
<neutral> I'm a pharmacist.,Я аптекар.
<neutral> I'm a plumber.,Я слюсар.
<neutral> I'm a police officer.,Я поліцейський.
<neutral> I'm a political scientist.,Я політолог.
<neutral> I'm a programmer.,Я програміст.
<neutral> I'm a psychologist.,Я психолог.
<neutral> I'm a salesperson.,Я працюю продавцем.
<neutral> I'm a salesperson.,Я продавець.
<neutral> I'm a schoolteacher from Boston.,Я шкільний учитель із Бостона.
<female> I'm a school teacher.,Я шкільний учитель.
<neutral> I'm a social worker.,Я соціальний працівник.
<neutral> I'm a surgeon.,Я хірург.
"<female> I'm a teacher, not a student.","Я викладач, а не студент."
"<female> I'm a teacher, not a student.","Я вчитель, а не учень."
<female> I'm a teacher now.,Я тепер викладач.
<female> I'm a teacher now.,Я тепер учитель.
"<female> I'm a teacher, too.",Я теж учитель.
<female> I'm a teacher.,Я викладач.
<female> I'm a teacher.,Я - вчитель.
<female> I'm a teacher.,Я вчитель.
<female> I'm a teacher.,Я - вчителька.
<neutral> I'm a therapist.,Я терапевт.
<neutral> I'm a veterinarian.,Я ветеринар.
<neutral> I may need a lawyer.,Мені може знадобитися адвокат.
<female> I met my teacher on the street the other day.,Я якось зустрів свого вчителя на вулиці.
<neutral> I'm glad you're my lawyer.,"Я рада, що ви мій адвокат."
<neutral> I'm glad you're my lawyer.,"Я радий, що ви мій адвокат."
<female> I'm glad you're our teacher.,"Я рада, що ви наш учитель."
<female> I'm glad you're our teacher.,"Я радий, що ти наш учитель."
<neutral> I'm going to be a doctor.,Я буду лікарем.
<neutral> I'm going to be a lawyer.,Я буду адвокатом.
<female> I'm going to be a teacher.,Я буду вчителем.
"<female> I'm not a doctor, but a teacher.","Я не лікар, а вчитель."
<neutral> I'm not a doctor.,Я не лікар.
<male> I'm not an engineer.,Я не інженер.
<neutral> I'm not a scientist.,Я не вчений.
<neutral> I'm not a scientist.,Я не науковець.
<female> I'm not as good a French teacher as Tom.,"Я не такий добрий викладач французької, як Том."
<female> I'm not a teacher.,Я не вчитель.
<neutral> I'm one of Tom's teachers.,Я один з викладачів Тома.
<female> I'm proud to be a teacher.,"Я пишаюся тим, що я вчитель."
<female> I'm proud to be a teacher.,"Я пишаюся тим, що я вчителька."
<neutral> I'm seeing a therapist.,Я ходжу на прийом до терапевта.
"<neutral> I'm sorry, officer. It won't happen again.","Перепрошую, офіцере. Більше такого не повториться."
"<neutral> I'm sorry, officer. It won't happen again.","Перепрошую, офіцере. Більше такого не трапиться."
<neutral> I'm the doctor.,Я лікар.
<neutral> I'm the manager.,Я керівник.
<female> I'm the new teacher.,Я новий викладач.
<female> I'm the new teacher.,Я новий учитель.
<neutral> I'm Tom's counselor.,Я радник Тома.
<neutral> I'm Tom's doctor.,Я лікар Тома.
<female> I'm Tom's French teacher.,Я викладач французької Тома.
<neutral> I'm Tom's lawyer.,Я адвокат Тома.
<female> I'm Tom's new secretary.,Я новий секретар Тома.
<neutral> I'm Tom's stockbroker.,Я біржевий маклер Тома.
<neutral> I'm Tom's stockbroker.,Я брокер Тома.
<neutral> I'm Tom's supervisor.,Я керівник Тома.
<neutral> I'm Tom's supervisor.,Я супервізор Тома.
<neutral> I'm your doctor.,Я ваш лікар.
<neutral> I'm your doctor.,Я твій лікар.
<female> I'm your teacher.,Я ваш учитель.
<female> I'm your teacher.,Я твій учитель.
<neutral> I need a doctor!,Мені потрібен лікар!
<neutral> I need a doctor.,Мені потрібен лікар!
<neutral> I need a doctor.,Мені потрібен лікар.
<neutral> I need a good lawyer.,Мені потрібний добрий адвокат.
<neutral> I need a lawyer who can speak French.,"Мені потрібний адвокат, який може говорити французькою."
<neutral> I need a lawyer.,Мені потрібний адвокат.
<female> I need a secretary.,Мені потрібна секретарка.
<neutral> I need to get to a doctor.,Мені треба потрапити до лікаря.
<neutral> I need to get Tom to a doctor.,Мені потрібно відвезти Тома до лікаря.
<neutral> I need to get Tom to a doctor.,Мені потрібно відвести Тома до лікаря.
"<female> In Soviet Russia, lesson teaches teacher!",У Радянській Росії урок учить учителя!
<neutral> I often eat things that my doctor tells me not to.,"Я часто їм те, що мій лікар заборонив мені їсти."
<neutral> I only need one worker.,Мені потрібний лише один працівник.
<neutral> I paid the cashier.,Я заплатив касиру.
<male> I regarded him as the best doctor in town.,Я вважаю його найкращим лікарем в місті.
<female> I respect my French teacher.,Я поважаю свого викладача французької.
<female> I respect my teacher very much.,Я дуже поважаю свого учителя.
<neutral> Is anyone here a doctor?,Тут є лікар?
<male> Is he a doctor or a patient?,Він лікар чи пацієнт?
<male> Is he a doctor?,А він лікар?
<male> Is he a doctor?,Він лікар?
<female> Is he a teacher?,Він вчитель?
<female> Is her father a teacher?,Її батько — вчитель?
<female> Is he your teacher?,Він ваш викладач?
<female> Is he your teacher?,Він ваш учитель?
<female> Is he your teacher?,Він твій викладач?
<female> Is he your teacher?,Він твій учитель?
<male> Is his father a doctor?,Його батько — лікар?
<female> Isn't she a doctor?,Вона не лікар?
<female> Isn't she a doctor?,Хіба вона не лікар?
<female> Is she a doctor?,Вона лікар?
<female> Is that man over there a teacher?,"Той чоловік он там, він учитель?"
<neutral> Is there a doctor on board?,На борту є лікар?
<neutral> Is there a doctor on the flight?,Чи є на борту лікар?
"<female> Is this sentence correct, teacher?","Це речення вірне, вчителю?"
<female> Is Tom a French teacher?,Чи є Том учителем французької мови?
<female> Is Tom a teacher?,Том викладач?
<female> Is Tom a teacher?,Том учитель?
<female> Is Tom going to be a teacher?,Том буде учителем?
<female> Is Tom still a French teacher?,Том все ще викладач французької?
<female> Is Tom still a teacher?,Том все ще вчитель?
<male> Is your father a doctor?,Ваш батько лікар?
<male> Is your father a doctor?,Ваш тато лікар?
<male> Is your father a doctor?,Твій батько лікар?
<male> Is your father a doctor?,Твій тато лікар?
<female> Is your father a teacher?,Ваш батько вчитель?
<female> Is your father a teacher?,Твій батько вчитель?
<male> I think he is a doctor.,"Мені здається, він лікар."
<female> I think that Tom could've been a teacher.,"Мені здається, Том міг би бути вчителем."
<female> I think Tom could have been a teacher.,"Мені здається, Том міг би бути вчителем."
<female> I think Tom could've been a teacher.,"Мені здається, Том міг би бути вчителем."
<female> I think Tom would make a good teacher.,"Гадаю, з Тома вийшов би добрий учитель."
<neutral> I think we should call a doctor.,Думаю ми маємо подзвонити доктору.
<neutral> I think we should call a doctor.,Я думаю ми маємо зателефонувати лікарю.
<neutral> I thought I was going to become a doctor.,"Я думав, що стану лікарем."
<neutral> I thought you were a scientist.,"Я думав, що ти науковець."
<neutral> I thought you were a scientist.,"Я думала, що ти учений."
<neutral> It is necessary that we see a doctor.,Нам необхідно побачити лікаря.
<neutral> It is necessary that you see a doctor.,Вам необхідно показатися лікарю.
<neutral> It is necessary that you see a doctor.,Тобі необхідно показатися лікарю.
<neutral> I told Tom you were a good plumber.,"Я сказав Тому, що ти добрий сантехнік."
<neutral> I told Tom you were a good plumber.,"Я сказала Тому, що ви добрий сантехнік."
"<female> I, too, am a teacher.",Я теж учитель.
<female> I trusted my teacher.,Я довірився своєму вчителю.
<female> I trusted my teacher.,Я довіряв своєму вчителю.
<neutral> It's a co-worker.,Це мій колега.
<neutral> It's a co-worker.,Це моя колега.
<neutral> It's a doctored photo.,Це змонтована фотографія.
<female> It's an anime about a normal Japanese schoolboy who married his alien teacher. Things like this happen in Japan.,"Це аніме про те, як звичайний японський школяр одружився зі своєю вчителькою-інопланетянкою. Це Японія, там таке буває."
<neutral> I used to be the manager.,Я раніше був керівником.
<neutral> I've called a doctor.,Я викликав лікаря.
<neutral> I've called a doctor.,Я викликала лікаря.
<neutral> I've called a doctor.,Я зателефонував лікарю.
<male> I've decided to become an engineer.,Я вирішив стати інженером.
<male> I've decided to become an engineer.,Я вирішила стати інженером.
<female> I've decided to become a teacher.,Я вирішив стати учителем.
<female> I've decided to become a teacher.,Я вирішила стати учителем.
<female> I've never been a teacher.,Я ніколи не був викладачем.
<female> I've never been a teacher.,Я ніколи не був учителем.
<neutral> I've spoken to your teachers.,Я поговорив із твоїми викладачами.
<neutral> I've spoken to your teachers.,Я поговорила з твоїми викладачами.
<neutral> I've wanted to be a painter for a long time.,Я давно хотів стати художником.
<female> I visited the hairdresser.,Я була в перукарні.
<neutral> I want a lawyer who can speak English.,"Мені потрібен адвокат, який знає англійську."
<neutral> I want a lawyer.,Мені потрібен адвокат.
<neutral> I want a lawyer.,Мені потрібний адвокат.
<neutral> I wanted to talk to my lawyer.,Я хотіла поговорити зі своїм адвокатом.
<neutral> I want to ask a doctor.,Я хочу запитати лікаря.
<neutral> I want to be a doctor in the future.,У майбутньому я хочу бути лікарем.
<neutral> I want to be a doctor when I grow up.,"Коли я виросту, я хочу стати лікарем."
<male> I want to be an engineer.,Я хочу бути інженером.
<female> I want to be a nurse.,Я хочу бути медсестрою.
<neutral> I want to be a police officer.,Я хочу бути поліцейським.
<neutral> I want to be a scientist.,Я хочу бути науковцем.
<female> I want to be a teacher.,Я хочу бути вчителем.
<female> I want to become a better teacher.,Я хочу стати кращим учителем.
<male> I want to become a carpenter.,Я хочу стати столяром.
<neutral> I want to become a doctor.,Я хочу стати лікарем.
<female> I want to become a French teacher.,Я хочу стати вчителем французької.
<female> I want to become a French teacher.,Я хочу стати вчителем французької мови.
<female> I want to become a French teacher.,Я хочу стати вчителькою французької.
<female> I want to become a French teacher.,Я хочу стати вчителькою французької мови.
<neutral> I want to become a lawyer.,Я хочу стати адвокатом.
<male> I want to become an engineer.,Я хочу стати інженером.
<neutral> I want to become a pharmacist.,Я хочу стати аптекарем.
<neutral> I want to become a veterinarian.,Я хочу стати ветеринаром.
<neutral> I want to see the manager right now.,Я хочу бачити керівника просто зараз.
<neutral> I want to see the manager.,Я хочу поговорити з менеджером.
<neutral> I want to see the manager.,Я хочу поговорити з начальником.
<neutral> I want to speak to a lawyer.,Я хочу поговорити з адвокатом.
<neutral> I want to speak to my lawyer.,Я хочу поговорити зі своїм адвокатом.
<neutral> I was a bartender when I was younger.,У молодості я був барменом.
<neutral> I was a chemistry major in college.,Моє спеціалізацією в інституті бала хімія.
<neutral> I was a doctor.,Я був лікарем.
<neutral> I was a janitor a few years ago.,Кілька років тому я був двірником.
<neutral> I was a janitor a few years ago.,Кілька років тому я був прибиральником.
<female> I was an accountant before I became a teacher.,"Я був бухгалтером до того, як став учителем."
<neutral> I was an architect before you were born.,Я був архитектором ще до твого народження.
<female> I was a teacher.,Я була учителем.
<female> I was scolded by my teacher.,Мене налаяв мій учитель.
<neutral> I was told that I should see a doctor.,Мені порадили звернутися до лікаря.
<neutral> I will be a doctor someday.,Колись я стану лікарем.
<female> I will be her teacher.,Я буду її учителем.
<female> I will be his teacher.,Я буду його учителем.
<female> I will be their teacher.,Я буду їхнім учителем.
<female> I will tell the teacher all about it.,Я розкажу вчителю все про це.
<female> I wonder if Tom is a teacher.,"Цікаво, чи Том учитель."
<female> I wonder whether or not I should really become a teacher.,"Я питаю себе, чи мені насправді слід стати вчителем."
<female> I wonder whether or not I should really become a teacher.,"Я питаю себе, чи мені насправді треба стати викладачем."
<neutral> I wonder whether or not Tom has ever considered going to a specialist.,"Мені цікаво, чи Том колись розглядав можливість звернутися до спеціаліста."
<female> I work as a teacher.,Я працюю вчителем.
<female> I would like to be an English teacher.,Я хотів би стати викладачем англійської мови.
<female> I wrote a letter to my teacher.,Я написав листа своєму вчителеві.
<female> I wrote to my teacher in English.,Я написав свому вчителю англійською.
<neutral> Jana is a computer programmer.,Яна — програмістка.
<male> Jesus was a carpenter.,Ісус був теслярем.
<female> John likes the nurse.,Джону медсестра подобається.
<female> John likes the nurse.,Джону подобається ця медсестра.
<female> Karam is a new teacher.,Карам — новий учитель.
<female> Layla was a registered nurse working for a renowned cancer center.,"Лейла була дипломованою медсестрою, яка працювала у знаменитому онкологічному центрі."
<neutral> Layla was our family doctor.,Лейла була лікарем нашої сім'ї.
<female> Let's ask the teacher.,Запитаймо вчителя.
<neutral> Let's send for the doctor.,Викличмо лікаря.
<neutral> Let's send for the doctor.,Давайте викличемо лікаря.
<neutral> Lincoln was a good politician and a smart lawyer.,Лінкольн був гарним політиком і розумним адвокатом.
<female> Listen to what the teacher says.,"Слухайте, що каже вчитель."
"<neutral> Luckily, Tom had a good lawyer.","На щастя, у Тома був добрий адвокат."
<neutral> Many teachers have a problem with Tom.,У багатьох учителів є проблеми з Томом.
<female> Mary is a daughter of a carpenter.,Мері - донька тесляра.
<female> Mary is a librarian.,Мері — бібліотекар.
<female> Mary is an architect.,Мері є архітектором.
<female> Mary is a police officer.,Мері - офіцер поліції.
<female> Mary is a programmer.,Мері — програміст.
<female> Mary is a programmer.,Мері — програмістка.
<female> Mary is a yoga teacher.,Мері інструктор з йоги.
<female> Mary is studying to become a physician's assistant.,Мері вчиться на помічника лікаря.
<female> Mary is Tom's secretary.,Мері — секретарка Тома.
<female> Mary is Tom's secretary.,Мері — секретар Тома.
<female> Mary likes her teachers.,Мері подобаються її вчителі.
<female> Mary's wife is a doctor.,Дружина Мері — лікар.
<female> Mary wanted to be a nurse.,Мері хотіла бути медсестрою.
<female> Mary wants to be a lawyer.,Мері хоче бути адвокатом.
<female> Mary wants to become a teacher.,Мері хоче стати вчителькою.
<female> Mary wants to become a teacher.,Мері хоче стати учителем.
<neutral> Maybe I need a lawyer.,"Можливо, мені потрібний адвокат."
<female> May I speak with the teacher?,Чи можу я поговорити з учителем?
<neutral> Most workers belong to unions.,Більшість робітників є членами профсоюзів.
<neutral> Mr Brown is a doctor.,Пан Браун — лікар.
<female> Mr Brown is our English teacher.,Містер Браун — наш вчитель англійської.
<female> Mr. Brown is our English teacher.,Містер Браун — наш вчитель англійської.
<female> Mr. Jackson is my favorite teacher.,Пан Джексон — мій улюблений учитель.
<female> Mr. Ricardo is a very good teacher.,Пан Рікардо - дуже гарний вчитель.
<female> Mr Smith is a good teacher.,Пан Сміт добрий учитель.
<female> Mr Smith is a good teacher.,Пас Сміт чудовий учитель.
<neutral> Mr Suzuki is a great scientist.,Пан Сузукі - великий науковець.
"<female> Mr Suzuki, our new teacher, teaches us English.","Пан Сузукі, наш новий учитель, викладає англійську."
<female> Mr Tanaka is our teacher of English.,Пан Танака — наш учитель англійської.
<male> My brother became an engineer.,Мій брат став інженером.
<female> My brother is a teacher.,Мій брат вчитель.
<neutral> My doctor recommended I eat more vegetables.,Мій лікар порекомендував мені їсти більше овочів.
<neutral> My doctor recommended that I eat more vegetables.,Мій лікар порекомендував мені їсти більше овочів.
<neutral> My doctor told me to give up smoking.,Мій лікар сказав мені кинути палити.
<neutral> My doctor told me to quit smoking.,Мій лікар сказав мені кинути палити.
<neutral> My dream is to be a doctor.,Моя мрія - стати лікарем.
<neutral> My dream is to be a firefighter.,Моя мрія - бути пожежником.
<neutral> My dream is to become a firefighter.,Моя мрія - бути пожежником.
<female> My dream is to become a teacher.,Моя мрія - стати вчителем.
<neutral> My driving instructor says I should be more patient.,"Мій інструктор з водіння каже, що мені слід бути більш терплячею."
<neutral> My driving instructor says I should be more patient.,"Мій інструктор з водіння каже, що мені слід бути більш терплячим."
<female> My English teacher advised me to read these books.,Мій вчитель англійської порадив мені прочитати ці книжки.
<female> My English teacher has advised me to read these books.,Мій вчитель англійської порадив мені прочитати ці книжки.
<female> My English teacher recommended that I read these books.,Мій вчитель англійської порадив мені прочитати ці книжки.
<male> My father-in-law is a lawyer.,Мій свекор - адвокат.
<male> My father is a doctor.,Мій батько лікар.
<female> My father is a teacher of English.,Мій батько - викладач англійської.
<female> My father is a teacher of English.,Мій батько - викладач англійської мови.
<female> My father is a teacher.,Мій батько — викладач.
<female> My father is a teacher.,Мій батько — вчитель.
<neutral> My father's a doctor.,Мій батько лікар.
<male> My father was an engineer.,Мій батько був інженером.
<female> My first French teacher was Tom.,Моїм першим учителем французької був Том.
<female> My French teacher is the same age as me.,Моя викладачка французької моя ровесниця.
<male> My grandfather is a carpenter.,Мій дід — тесляр.
<male> My husband was a lawyer.,Мій батько був адвокат.
<female> My husband was a teacher.,Мій чоловік був учителем.
<neutral> My lawyer told me that I should plead guilty.,"Мій адвокат сказав мені, що я маю визнати свою провину."
<female> My math teacher hated me.,Мій вчитель математики мене ненавидів.
"<female> My mom is a teacher, too.",Моя мати теж вчителька.
<female> My mother is a high school teacher.,Моя мати — викладач старших класів.
<female> My mother is a high school teacher.,Моя мати — викладач у старших класів.
<female> My mother is a lawyer.,Моя мама — адвокат.
<female> My mother is a teacher.,Моя мати - учитель.
<female> My physics teacher doesn't care if I skip classes.,"Моєму викладачу фізики байдуже, чи я пропускаю заняття."
<female> My physics teacher doesn't care if I skip classes.,"Моєму вчителеві фізики байдуже, чи пропущу я заняття."
<female> My sister is afraid of all doctors.,Моя сестра боїться всіх лікарів.
<female> My sister is a nurse.,Моя сестра медсестра.
<female> My sister married a doctor.,Моя сестра вийшла за лікаря.
<female> My sister married a doctor.,Моя сестра вийшла заміж за лікаря.
<female> My sister married a doctor.,Моя сестра одружилася з лікарем.
<female> My sister's a nurse.,Моя сестра медсестра.
<female> My sister works in a bank as a secretary.,Моя сестра працює в банку секретаркою.
<female> My teacher drove me home.,Мій вчитель підвіз мене до дому.
<female> My teacher recommended me to read Shakespeare.,Мій вчитель порадив мені почитати Шекспіра.
<female> My teacher says I shouldn't do that.,"Мій учитель каже, що мені не слід цього робити."
<female> My wife is a doctor.,Моя дружина - лікар.
<female> My wife is a lawyer.,Моя дружина - адвокат.
<neutral> My wish is to be a painter.,Я сподіваюся стати художником.
<female> Never argue with a teacher before an exam.,Ніколи не сперечайся з викладачем перед екзаменом.
<female> Never argue with a teacher before an exam.,Ніколи не сперечайтеся з учителем перед екзаменом.
<neutral> Not all doctors make a lot of money.,Не всі лікарі заробляють багато.
<neutral> Our best friend is a doctor.,Наша найкраща подруга — лікар.
<neutral> Our best friend is a doctor.,Наш найкращий друг — лікар.
"<female> Our French teacher is Canadian, isn't he?","Наш викладач французької канадієць, чи не так?"
<neutral> Our manager is Tom Jackson.,Наш керівник — Том Джексон.
<neutral> Our manager's name is Tom Jackson.,Нашого начальника звуть Том Джексон.
<female> Our new English teacher is fresh from college.,Наш новий учитель англійської недавно закінчив коледж.
<female> Our teacher has a wonderful sense of humor.,Наш вчитель має чудове почуття гумору.
<female> Our teacher is a fucking whore.,Наша вчителька — йобана курва.
<female> Our teacher is punctual for the classes.,Наш учитель вчасно приходить на заняття.
<female> Our teacher said that water boils at 100ºC.,"Вчитель сказав, що вода кипить при температурі 100ºC."
<female> Our teacher seldom laughs.,Наш вчитель рідко сміється.
<female> Our teacher separated us into two groups.,Вчитель розділив нас на дві групи.
<female> Our teacher sometimes speaks quickly.,Наш вчитель іноді швидко говорить.
<female> Our teacher told us what to read.,"Наш учитель сказав нам, що читати."
<female> Our teacher will return from abroad in August.,Наш вчитель повернеться із-за кордону в серпні.
"<neutral> Pathological demand avoidance is not an official diagnosis, but a profile used by educators to describe those whose main characteristic is to avoid everyday demands and expectations to an extreme extent.","Патологічне уникнення вимог — це не офіційний діагноз, а профіль, який використовується в освітніх закладах для опису тих, чиєю основною характеристикою є надзвичайно підкреслене уникнення щоденних вимог і очікувань."
<neutral> Pay the cashier on the way out.,Платити - на касі при виході.
<male> Peppa Pig's father is an engineer.,Батько свинки Пеппи — інженер.
<neutral> Please call in a doctor.,"Викличте лікаря, будь ласка."
<female> Please tell me about your teacher.,"Розкажи мені про свого вчителя, будь ласка."
"<female> Please, tell me about your teacher.","Розкажи мені про свого вчителя, будь ласка."
<female> Please tell me about your teacher.,"Розкажіть мені про свого вчителя, будь ласка."
"<female> Please, tell me about your teacher.","Розкажіть мені про свого вчителя, будь ласка."
<female> Practice is the best teacher.,Практика — найкрайщий вчитель.
<neutral> Radioactivity' is a chemistry term.,"""Радіоактивність"" - хімічний термін."
<neutral> Sami is a doctor.,Самі - лікар.
<female> Sami is a good teacher.,Самі добрий викладач.
<female> Sami is a good teacher.,Самі добрий учитель.
<neutral> Sami needs to go to the eye doctor.,Самі потрібно до окуліста.
<neutral> Sami needs to go to the eye doctor.,Самі потрібно сходити до окуліста.
<neutral> Sami told the doctor about that.,Семі розповів про це лікарю.
<neutral> Sami was a manager at Walmart.,"Самі був менеджером у ""Волмарті""."
<neutral> Scientists have found water on Mars.,Вчені знайшли воду на Марсі.
<female> She advised him to become a teacher.,Вона порадила йому стати вчителем.
<female> She and I are teachers.,Ми з нею вчителі.
<female> She became a doctor.,Вона стала лікарем.
<female> She became a nurse.,Вона стала медсестрою.
<female> She decided to be a doctor.,Вона вирішила стати лікарем.
<female> She fell in love with the new teacher.,Вона закохалась у нового вчителя.
<female> She had a good lawyer.,У неї був добрий адвокат.
<female> She had been ill for a week when the doctor was sent for.,"Поки послали по лікаря, то вона вже тиждень як була хвора."
<female> She hired a private investigator.,Вона найняла приватного детектива.
<female> She is a doctor.,Вона лікар.
<female> She is a nurse.,Вона медсестра.
<female> She is a teacher's pet.,Вона улюбленець учителя.
<female> She is a teacher.,Вона вчителька.
<female> She is a very good teacher.,Вона - дуже добра вчителька.
"<female> She is not a nurse, but a doctor.","Вона не медсестра, а лікар."
<female> She is not a physician.,Вона не лікар.
<female> She looks like a teacher.,Вона схожа на вчителя.
<female> She married a doctor.,Вона вийшла за лікаря.
<female> She married a doctor.,Вона вийшла заміж за лікаря.
<female> She needs a doctor.,Вона потребує лікаря.
<female> She needs a doctor.,Їй потрібен лікар.
<female> She needs a lawyer.,Їй потрібен адвокат.
<female> She respects her teacher a lot.,Вона дуже поважає свого учителя.
<neutral> She's a doctor.,Вона лікар.
<neutral> She's a police officer.,Вона офіцер поліції.
<neutral> She's a programmer.,Вона програміст.
<female> She's a very good teacher.,Вона - дуже добра вчителька.
<neutral> She's not a doctor.,Вона не лікар.
<female> She thought that I was a doctor.,"Вона думала, що я лікар."
<female> She thought that I was the doctor.,"Вона думала, що я лікар."
<female> She tried to take down every word the teacher said.,Вона намагалася записати кожне слово вчителя.
<female> She wants to marry her daughter to a doctor.,Вона хоче одружити свою доньку з лікарем.
<female> She went to the hairdresser's.,Вона пішла до перукарні.
<female> She will be a teacher.,Вона стане вчителькою.
<female> She works as a secretary in an office.,Вона працює секретарем в офісі.
<neutral> Should I call the doctor?,Зателефонувати лікарю?
<neutral> Some students in this university don't even know how to talk to teachers.,Деякі студенти в цьому університеті навіть не знають як говорити з учителями.
<neutral> Students are open to the influence of their teachers.,Студенти відкриті до впливу з боку їхніх вчителів.
<neutral> Teachers' salaries are very low.,Зарплатні вчителей дуже низькі.
<neutral> Tell the police officer what you saw Tom do.,"Розскажи поліцейському, що ти бачив як робив Том?"
"<neutral> Thank you very much, doctor.","Дуже дякую, лікарю."
"<neutral> Thank you very much, doctor.","Дуже дякую, пане лікарю."
<neutral> That person is a programmer.,Ця особа — програміст.
<neutral> That's just what the doctor ordered.,"Це те, що лікар прописав."
<neutral> The architect achieved worldwide fame.,Архітектор здобувся всесвітньої відомості.
<neutral> The architect adapted the house to the needs of old people.,Архітектор пристосував будинок під потреби похилих людей.
<neutral> The baker's is next door to the butcher's.,Пекар знаходиться біля різника.
<neutral> The bakery is on Pino Street.,Булочна знаходиться на вулиці Пено.
<neutral> The best hairdressers are gay.,Найкращі перукарі — ґеї.
<neutral> The building was built by a Russian architect.,Будинок побудовано російським архитектором.
<female> The classroom erupted in laughter when the teacher told Tom to stop masticating in class.,"Клас вибухнув від сміху, коли вчитель сказав Тому припинити жувати на уроці."
<female> The classroom erupted in laughter when the teacher told Tom to stop masticating in class.,"Клас вибухнув від сміху, коли вчитель сказав Тому, що той — мудрак."
<neutral> The company's managers had a very lackadaisical attitude towards the safety of their workers.,Керівництво компанії мала дуже апатичну позицію по відношенню до безпеки своїх працівників.
<neutral> The criminal got very tired from the fight with the two officers.,Злочинець дуже втомився від бійки з двома поліцейськими.
<female> The doctor advised her to enter the hospital.,Лікар порадив їй лягти у лікарню.
<male> The doctor advised him to cut down on drinking.,Лікар порадив йому менше пити.
<male> The doctor advised him to give up smoking.,Лікар порадив йому кинути палити.
<male> The doctor advised him to stop working too much.,Лікар порадив йому працювати менше.
<female> The doctor advised that she stay at home.,Лікар порадив їй залишатися вдома.
<neutral> The doctor examined my throat.,Лікар оглянув моє горло.
<neutral> The doctor examined the patients.,Лікар оглянув пацієнтів.
<neutral> The doctor felt my pulse.,Лікар поміряв мій пульс.
<neutral> The doctor felt my pulse.,Лікар пощупав мій пульс.
<female> The doctor gave it to her.,Лікар дав її їй.
<female> The doctor gave it to her.,Лікар дав його їй.
<neutral> The doctor has ordered the patient to abstain from wine.,Лікар наказав пацієнтові утриматись від уживання вина.
<male> The doctor is a man of culture.,Лікар був культурною людиною.
<neutral> The doctor is concerned.,Лікар занепокоєний.
<male> The doctor persuaded him to give up smoking.,Лікар переконав його кинути палити.
<neutral> The doctor ran a few tests.,Лікар зробив кілька аналізів.
<neutral> The doctor said that what Tom has isn't contagious.,"Лікар сказав, що хвороба Тома незаразна."
<neutral> The doctors did what they could.,"Лікарі зробили, що змогли."
<female> The doctor started to examine her.,Лікар розпочав її оглядати.
<female> The doctor told Mary that she couldn't have children.,"Лікар сказа Мері, що вона не може мати дітей."
<neutral> The doctor told me to give up smoking.,Лікар сказав мені кинути палити.
<male> The doctor told Tom he needed to eat a more balanced diet.,"Лікар повідомив Тому, що він потребує більш збалансованої дієти."
<neutral> The doctor told Tom to give up smoking.,Лікар сказав Томові кинути палити.
<neutral> The doctor told Tom to give up smoking.,Лікар сказав Тому кинути палити.
<neutral> The doctor took my pulse.,Лікар поміряв мій пульс.
<neutral> The Doctor travels through all space and time.,Доктор подорожує у просторі й часі.
<neutral> The farmer employed five new workers.,Фермер взяв на роботу п'ять нових працівників.
<neutral> The farmer employed five new workers.,Фермер найняв п’ятеро нових робітників.
<female> The girl who works at the bakery is cute.,"Дівчина, що працює у хлібному - симпатична."
<neutral> The inspector arrived at the school late on Monday morning.,Ревізор прибув у школу пізно вранці в понеділок.
<neutral> The instructor advised me to get exercise every day.,Інструктор порадив мені виконувати завдання щодня.
<neutral> The lawyer has a lot of wealthy clients.,У адвоката чимало багатих клієнтів.
<neutral> The lawyer has a lot of wealthy clients.,У адвоката чимало заможних клієнтів.
<female> The lawyer is her brother.,Адвокат — її брат.
<neutral> The lawyer was expecting Ben.,Юрист чекав на Бена.
<male> The leader of the party is a famous scientist.,Лідер партії - відомий вчений.
<neutral> The manager stood at the door.,Керівник стояв у дверях.
<neutral> The murder of Fadil Sadiq puzzled the investigators.,Убивство Фадля Садика спантеличило слідчих.
<female> The new secretary types faster than the old one.,Нова секретартка пише швидше від попередньої.
<female> The new teacher was a disappointment to the class.,Новий вчитель був розчаруванням для класу.
<female> The nurse is not here.,Медсестри тут немає.
<female> The nurse looked after the babies.,Медсестра доглядала за немовлятами.
<female> The nurse will tell you how to do it.,"Медсестра пояснить тобі, як це робиться."
<female> The nurse will tell you how to do it.,"Медсестра скаже тобі, як це зробити."
<female> The old woman is a doctor.,Похила жiнка - лiкар.
<female> The old woman is a doctor.,Ця стара жінка - лікар.
<neutral> The painter died young.,Художник помер молодим.
<neutral> The pharmacist died of an overdose.,Аптекар помер від передозування.
<neutral> The photo was doctored.,Фотографію було змонтовано.
<neutral> The police officer fired a warning shot.,Поліцейський зробив попереджувальний постріл.
<neutral> The police officers have stopped me many times.,Поліцейські багаторазово затримували мене.
<female> The pupils stand up when their teacher enters.,Учні встають коли заходить вчитель.
<neutral> There are no empty seats in the auditorium.,В лекторії немає вільних місць.
<female> There was no doctor who could cure her illness.,"Не було лікаря, який би міг вилікувати її хворобу."
<female> The school needed a new teacher.,Школа потребувала нового вчителя.
<neutral> The scientist is famous not only in Japan but also in foreign countries.,"Учений відомий не тільки в Японії, але й у інших країнах."
<female> The secretary is tired of typing.,Секретарка втомилася друкувати.
<neutral> These social workers hand out free syringes to drug users.,"Ці працівники соціальних служб роздають безкоштовні шприці тим, хто споживає наркотики."
<female> The soldier became a teacher.,Той солдат став вчителем.
<male> The speech therapist at Tom's school helped him overcome his articulation problems.,Шкільний логопед Тома допоміг йому подолати проблеми з артикуляцією.
<female> The students bothered the teacher with silly questions.,Учні набридали вчителю своїми глупими питаннями.
<female> The students loved their teacher.,Учні любили свого вчителя.
<female> The students loved their teacher.,Учні любили свою вчительку.
<neutral> The surgeon forgot something inside the patient.,Хірург забув щось всередині пацієнта.
<female> The teacher apologized to the students.,Учитель вибачився перед учнями.
<female> The teacher asked me which book I liked.,"Вчитель запитав мене, яку я люблю книжку."
<female> The teacher asked the students to split off into groups of two or three.,Вчитель попросив студентів розбитися на групи по два-три учні.
<female> The teacher cannot have said such a thing.,Вчитель такого не міг би сказати.
<female> The teacher corrected the composition that I had prepared.,"Учитель виправив твір, що я відготував."
<female> The teacher gave us a lot of homework.,Вчитель дав нам багато домашнього завдання.
<female> The teacher gave us homework.,Вчитель дав нам домашнє завдання.
<female> The teacher handed out the tests.,Вчитель роздав тести.
<female> The teacher has three times as many books as I do.,"У вчителя втричі більше книг, ніж у мене."
<female> The teacher intervened in the quarrel between the two students.,Учитель утрутився в лайку між двома учнями.
<female> The teacher intervened in the quarrel between the two students.,Учитель утрутився у сварку між двома учнями.
"<female> The teacher is angry, so please do not make noise in the classroom!","Ну шуміть у класі, будь ласка, бо вчитель дуже злий!"
<female> The teacher is attractive.,Учителька приваблива.
<female> The teacher is attractive.,Учитель привабливий.
<female> The teacher liked me.,Я сподобався вчителю.
<female> The teacher liked me.,Я сподобалася вчителю.
<female> The teacher made fun of Tom.,Учитель насміхався над Томом.
<female> The teacher made me repeat the sentence.,Вчитель примусив мене повторити речення.
<female> The teacher permitted the boy to go home.,Вчитель відпустив хлопця додому.
<female> The teacher permitted the boy to go home.,Вчитель дозволив хлопцю йти додому.
<female> The teacher pointed out the pupil's mistakes.,Вчитель вказав учню на його помилки.
<female> The teacher praised the boy for his honesty.,Вчитель похвалив хлопчика за чесність.
<female> The teacher sat on the chair.,Учитель сидів на стільці.
<female> The teacher saw me naked.,Вчитель бачив мене голим.
<female> The teacher saw me naked.,Вчитель бачив мене голою.
<female> The teacher says I'm a smart kid.,"Вчитель каже, що я розумна дитина."
<female> The teacher scolded the student for no reason.,Вчитель безпідставно насварив студентів.
<female> The teacher skipped the exercise on page 21.,Учитель проминув вправу на сторінці 21.
<female> The teacher split the students into groups.,Вчитель розбив студентів на групи.
<female> The teacher teaches the students.,Вчитель навчає учнів.
<female> The teacher told me to stand up.,Учитель сказав мені встати.
<female> The teacher told the kids to be quiet.,Учитель сказав дітям зберігати тишу.
<female> The teacher told us a funny story.,Вчитель розповів нам кумедну історію.
<female> The teacher took notice of the student's mistake.,Викладач звернув увагу на помилку студента.
<female> The teacher was so mean.,Учитель був дуже немилий.
<female> The teacher was surrounded by her students.,Вчителя оточили його студенти.
<female> The teacher was very angry.,Вчитель був дуже злий.
<female> The teacher welcomed the pupils.,Учитель привітав учнів.
<female> The teacher will call us when he's ready.,"Учитель покличе нас, коли буде готовий."
<female> The teacher works in a high school.,Вчитель працює у старшій школі.
<female> The teacher wrote something on the blackboard in a language I didn't know.,"Вчитель написав щось на дошці мовою, якої я не знаю."
<neutral> The workers don't have helmets.,Робітники не мають касок.
<neutral> The workers have no incentive to work harder.,"У робітників немає стимулів, щоб працювати наполегливіше."
<neutral> The workers united to solve the problem.,Робітники об'єдналися для вирішення проблеми.
<neutral> They appointed Jim manager.,Вони призначили Джима керівником.
<neutral> They appointed Jim manager.,Вони призначили Джима тренером.
<neutral> They are a programmer.,Він програміст.
<neutral> They are a programmer.,Він чи вона - програміст.
<neutral> They are a programmer.,Вона програміст.
<neutral> They are a programmer.,Ця особа — програміст.
<neutral> They are both good teachers.,Вони обидва добрі вчителі.
<neutral> They are doctors.,Вони лікарі.
<neutral> They are teachers.,Вони вчителі.
<neutral> They need a lawyer.,Їм потрібен адвокат.
<male> The young engineer lacked experience.,Молодому інженеру бракувало досвіду.
<male> The young engineer was deficient in experience.,Молодому інженеру не вистачало досвіду.
<neutral> They're doctors.,Вони лікарі.
<neutral> They're teachers.,Вони вчителі.
<neutral> They said they didn't need a lawyer.,"Вони сказали, що не потребують адвоката."
"<neutral> This accident has nothing to do with me, officer.","Цей нещасний випадок не має до мене жодного відношення, офіцере."
<male> This engineer may be your new love.,Цей інженер може бути твоїм новим коханням.
<female> This is a letter from my old teacher.,Це лист від мого колишнього вчителя.
<neutral> This is the doctor whom I spoke of last night.,"Це лікар, з яким я розмовляв минулого вечора."
<female> This man is my teacher.,Цей чоловік — мій учитель.
<neutral> This used to be a bakery.,Це колись була пекарня.
<female> Tom advised Mary to talk to a lawyer.,Том порадив Мері поговорити з адвокатом.
<male> Tom and his husband like chemistry.,Том і його чоловік люблять хімію.
<neutral> Tom and I are both teachers.,Ми з Томом обидва вчителі.
<female> Tom and Mary are both carpenters.,"І Том, І Мері — теслі."
<female> Tom and Mary are both therapists.,Том та Мері обоє терапевти.
<female> Tom and Mary are going to need a lawyer.,Тому та Мері буде потрібний адвокат.
<female> Tom and Mary are teachers.,Том та Мері – вчителі.
<female> Tom and Mary wanted to call their lawyers.,Том із Мері хотіли заталефонувати своїм адвокатам.
<female> Tom asked the doctor about Mary.,Том спитав доктора про Мері.
<neutral> Tom became a doctor.,Том став лікарем.
<male> Tom became an engineer.,Том став інженером.
<male> Tom didn't give the police officer his real name.,Том не сказав поліції свого справжнього імені.
<female> Tom didn't know who his French teacher was going to be.,"Том не знав, хто буде його вчитель французької."
<neutral> Tom didn't want to be a doctor.,Том не хотів бути лікарем.
<neutral> Tom didn't want to be a lawyer.,Том не хотів бути адвокатом.
<neutral> Tom didn't want to be a surgeon.,Том не хотів бути хірургом.
<female> Tom didn't want to be a teacher.,Том не хотів бути викладачем.
<female> Tom didn't want to be a teacher.,Том не хотів бути вчителем.
<neutral> Tom didn't want to go to the doctor.,Том не хотів до лікаря.
<neutral> Tom didn't want to go to the doctor.,Том не хотів іти до лікаря.
<neutral> Tom doesn't want to be a doctor.,Том не хоче бути лікарем.
<neutral> Tom doesn't want to be a janitor anymore.,Том більше не хоче бути прибиральником.
<neutral> Tom doesn't want to be a surgeon.,Том не хоче бути хірургом.
<female> Tom doesn't want to be a teacher.,Том не хоче бути вчителем.
<neutral> Tom dressed up as a doctor.,Том переодягнувся у лікаря.
<female> Tom had a good teacher.,Том мав доброго вчителя.
<female> Tom had a good teacher.,У Тома був добрий учитель.
<female> Tom had an affair with a nurse while staying in hospital.,Том мав роман з медсестрою під час свого перебування у лікарні.
<female> Tom has a daughter who's a teacher.,"Том має доньку, яка працює вчителькою."
<female> Tom has a daughter who's a teacher.,"У Тома є дочка, яка працює вчителькою."
<neutral> Tom has a lawyer.,Том має адвоката.
<neutral> Tom has a lawyer.,У Тома є адвокат.
<neutral> Tom has been looking for another lawyer.,Том шукає іншого адвоката.
<female> Tom has decided not to become a teacher.,Том вирішив не ставати вчителем.
<female> Tom hated his French teacher.,Том ненавидів свого учителя французької.
<female> Tom hated his French teacher.,Том ненавидів свою учительку французької.
<male> Tom hoped that the doctors would tell him that he didn't need the surgery after all.,"Том сподівався, що лікарі йому скажуть, що, незважаючи ні на що, йому не потрібна операція."
<neutral> Tom hopes to become a famous painter.,Том сподівається стати знаменитим художником.
<neutral> Tom injured a co-worker.,Том поранив колегу.
<male> Tom is a car mechanic.,Том — автомеханік.
<male> Tom is a carpenter and so am I.,"Том тесля, і я також."
<neutral> Tom is a chef.,Том кухар.
<male> Tom is a doctor like his father.,"Том лікар, як його батько."
<neutral> Tom is a doctor.,Том - лікар.
<neutral> Tom is a doctor.,Том лікар.
<neutral> Tom is a former firefighter.,Том — колишній пожежник.
<female> Tom is a French teacher and so is Mary.,"Том — викладач французької, і Мері також."
<female> Tom is a French teacher in Boston.,Том — викладач французької у Бостоні.
<female> Tom is a French teacher in Boston.,Том — учитель французької у Бостоні.
<female> Tom is a French teacher.,Том — викладач французької.
<female> Tom is a French teacher.,Том — вчитель французької.
<neutral> Tom is a general practitioner.,Том — лікар-терапевт.
<neutral> Tom is a general practitioner.,Том терапевт.
<neutral> Tom is a gifted painter.,Том талановитий художник.
<male> Tom is a good carpenter.,Том — добрий тесляр.
<neutral> Tom is a good painter.,Том — добрий художник.
<female> Tom is a good teacher.,Том добрий викладач.
<female> Tom is a good teacher.,Том добрий учитель.
<neutral> Tom is a good worker.,Том чудовий працівник.
<female> Tom is a great teacher.,Том — чудовий учитель.
<female> Tom is a guitar teacher.,Том викладач гри на гитарі.
"<female> Tom is a gym teacher, isn't he?","Том інструктор у спортзалі, так?"
<female> Tom is a hairdresser.,Том — перукар.
<female> Tom is a history teacher.,Том — викладач історії.
<neutral> Tom is a lawyer.,Том — адвокат.
<male> Tom is a mechanic.,Том — механік.
<neutral> Tom is a mediocre painter.,Том — посередній художник.
<neutral> Tom is an accountant.,Том бухгалтер.
"<neutral> Tom is an architect, right?","Том архітектор, так?"
<neutral> Tom is an architect.,Том — архітектор.
<male> Tom is an electrical engineer.,Том — інженер-електрик.
<female> Tom is an engineer and so is Mary.,"Том інженер, і Мері також."
<male> Tom is an engineer.,Том - інженер.
<male> Tom is an engineer.,Том інженер.
<neutral> Tom is an excellent lawyer.,Том - відмінний адвокат.
<neutral> Tom is an excellent lawyer.,Том - чудовий адвокат.
<male> Tom is an unemployed aeronautical engineer.,Том - безробітний інженер з повітроплавання.
<female> Tom is a piano teacher.,Том — учитель фортеп'яно.
<neutral> Tom is a planner.,Том планувальник.
<neutral> Tom is a plastic surgeon.,Том пластичний хірург.
<neutral> Tom is a political scientist.,Том політолог.
<neutral> Tom is a programmer.,Том — програміст.
<neutral> Tom is a psychologist.,Том — психолог.
<neutral> Tom is a psychotherapist.,Том — психотерапевт.
"<female> Tom is a really good teacher, isn't he?","Том дуже добрий учитель, чи не так?"
<neutral> Tom is a schoolteacher.,Том — шкільний учитель.
<neutral> Tom is a scientist.,Том — учений.
<female> Tom is a singing teacher.,Том — учитель співу.
<neutral> Tom is a skilled programmer.,Том досвідчений програміст.
<neutral> Tom is a social worker.,Том - соціальний працівник.
<neutral> Tom is a speech therapist.,Том — логопед.
<neutral> Tom is a surgeon.,Том хірург.
<neutral> Tom is a talented chef.,Том — талановитий шеф-кухар.
<female> Tom is a teacher and novelist.,Том учитель та романіст.
<female> Tom is a teacher at our son's school.,Том — викладач у школі нашого сина.
"<female> Tom is a teacher, isn't he?","Том - учитель, чи не так?"
"<female> Tom is a teacher, right?","Том викладач, чи не так?"
<male> Tom is a thirty-year-old carpenter.,Том — тридцятирічний тесляр.
<neutral> Tom is a very famous painter.,Том — дуже відомий художник.
<neutral> Tom is complaining to the manager.,Том скаржиться менеджеру.
<neutral> Tom is complaining to the manager.,Том скаржиться начальнику.
<female> Tom is going to become a teacher.,Том стане викладачем.
<female> Tom is going to become a teacher.,Том стане вчителем.
<neutral> Tom is going to be the instructor.,Том буде інструктором.
<neutral> Tom is Mary's immediate supervisor.,Том — безпосередній начальник Мері.
<female> Tom is Mary's teacher.,Том — учитель Мері.
<neutral> Tom is my doctor.,Том — мій лікар.
<neutral> Tom isn't a bartender.,Том не бармен.
<female> Tom isn't a hairdresser.,Том не перукар.
<neutral> Tom isn't a plumber.,Том не сантехнік.
<neutral> Tom isn't a student here. He's one of the teachers.,"Том тут не студент, він один з учителів."
<female> Tom isn't a teacher anymore.,Том більше не викладач.
<female> Tom isn't a teacher anymore.,Том більше не вчитель.
<male> Tom isn't a very good carpenter.,Том не дуже добрий тесляр.
<female> Tom isn't a very good teacher.,Том не дуже добре викладач.
<neutral> Tom isn't a veterinarian.,Том не ветеринар.
<neutral> Tom isn't our manager.,Том нам не начальник.
<neutral> Tom isn't our manager.,Том не наш начальник.
<female> Tom isn't the teacher.,Учитель — не Том.
<neutral> Tom is one of those managers who call you to tell you they've sent you an email.,"Том — один із тих керівників, які телефонують, щоб сказати, що вони відправили тобі імейл."
<female> Tom is our French teacher.,Том — наш учитель французької.
<female> Tom is our teacher.,Том — наш учитель.
<neutral> Tom is really a good lawyer.,Том дуже добрий адвокат.
<neutral> Tom is really a good worker.,Том дуже добрий працівник.
<neutral> Tom is studying to become a physician's assistant.,Том вчиться на помічника лікаря.
<female> Tom is such a good teacher.,Том такий добрий учитель.
<male> Tom is the lead engineer.,Том — провідний інженер.
<neutral> Tom is the team manager.,Том є менеджером команди.
<neutral> Tom is the team manager.,Том — тренер команди.
<neutral> Tom is too poor to hire a lawyer.,"Том занадто бідний для того, щоб найняти адвоката."
<female> Tom Jackson is our teacher.,Том Джексон — наш учитель.
<neutral> Tom lied to the police officers.,Том збрехав офіцерам поліції.
<neutral> Tom lied to the police officers.,Том сказав поліцейським неправду.
<male> Tom likes his teachers.,Тому подобаються його вчителі.
<neutral> Tom looks like an accountant.,Том схожий на бухгалтера.
<female> Tom looks like a teacher.,Том схожий на учителя.
<female> Tom made fun of the teacher.,Том насміхався на учителем.
<female> Tom married a nurse.,Том вийшов заміж за медбрата.
<female> Tom married a nurse.,Том одружився з медсестрою.
<female> Tom might be our new teacher.,Том може бути нашим новим викладачем.
<female> Tom might be our new teacher.,Том може бути нашим новим учителем.
<neutral> Tom needs a good lawyer.,Тому потрібний гарний адвокат.
<neutral> Tom needs a lawyer.,Том потребує адвоката.
<female> Tom needs a nurse more skilled than Mary.,"Тому потрібна доглядальниця більш кваліфікована, ніж Мері."
<neutral> Tom never wanted to be lawyer.,Том ніколи не хотів бути адвокатом.
<neutral> Tom now works as a bartender.,Том зараз працює барменом.
<neutral> Tom really looks like a doctor.,Тому дуже схожий на лікаря.
<neutral> Tom really needs to see a doctor.,Тому дуже потрібно потрапити на прийом до лікаря.
<neutral> Tom's a doctor.,Том - лікар.
<male> Tom's a good carpenter.,Том — добрий тесляр.
<female> Tom said he thought Mary was a teacher.,"Том сказав, що, на його думку, Мері — вчитель."
<female> Tom said he thought that Mary was a teacher.,"Том сказав, що, на його думку, Мері — вчитель."
<male> Tom said he wants to be an architect.,"Том сказав, що хоче бути архітектором."
<male> Tom said he would consult a lawyer.,"Том сказав, що порадиться з адвокатом."
<male> Tom said he would consult a lawyer.,"Том сказав, що порадиться з юристом."
<male> Tom said he would consult a lawyer.,"Том сказав, що проконсультується з адвокатом."
<male> Tom said he would consult a lawyer.,"Том сказав, що проконсультується з юристом."
<female> Tom said that he thought Mary was a teacher.,"Том сказав, що, на його думку, Мері — вчитель."
<female> Tom said that he thought that Mary was a teacher.,"Том сказав, що, на його думку, Мері — вчитель."
<male> Tom said that he would consult a lawyer.,"Том сказав, що порадиться з адвокатом."
<male> Tom said that he would consult a lawyer.,"Том сказав, що порадиться з юристом."
<male> Tom said that he would consult a lawyer.,"Том сказав, що проконсультується з адвокатом."
<male> Tom said that he would consult a lawyer.,"Том сказав, що проконсультується з юристом."
<neutral> Tom's a mediocre painter.,Том такенький собі муляр.
"<female> Tom's a teacher, right?","Том - учитель, чи не так?"
<neutral> Tom saw a doctor.,Том був у лікаря.
<neutral> Tom says he's spoken with the manager.,"Том каже, що поговорив з керівником."
<female> Tom says he wants to be a teacher.,"Том каже, що хоче бути вчителем."
<male> Tom's brother is a plumber.,Брат Тома — сантехнік.
<male> Tom's doctor advised him to exercise.,Лікар Тому порадив йому робити зарядку.
<female> Tom seems to be a very good teacher.,"Том, здається, дуже добрий учитель."
<female> Tom's father was a teacher.,Батько Тома був учителем.
<neutral> Tom's goal is to become a celebrity chef.,Мета Тома — стати знаменитим шеф-кухарем.
<neutral> Tom should go see a doctor.,Том повинен йти до лікаря.
<male> Tom should talk to his lawyer.,Том має поговорити зі своїм адвокатом.
<neutral> Tom should've hired a lawyer.,Тому варто було найняти адвоката.
<male> Tom's lawyers say he was framed.,"Адвокати Тома кажуть, що його підставили."
<neutral> Tom's parents are teachers.,Батьки Тома — вчителі.
<neutral> Tom's parents were both teachers.,Батьки Тома були вчителями.
<neutral> Tom's parents were doctors.,Батьки Тома були лікарями
<neutral> Tom's parents were lawyers.,Батьки Тома були адвокатами.
<neutral> Tom's parents were teachers.,Батьки Тома були вчителями.
<male> Tom speaks French to his teachers.,Том говорить французькою зі своїми вчителями.
<female> Tom stayed after class to talk to the teacher.,"Том залишився після занять, щоб поговорити з учителем."
<female> Tom's teacher asked him to read the poem he'd written to the class.,"Вчитель Тома попросив його прочитати вірша, якого він написав, перед класом."
<female> Tom's wife is a lawyer.,Дружина Тома — адвокат.
<female> Tom's wife is a lawyer.,Жінка Тома — адвокат.
<female> Tom's wife is also a scientist.,Дружина Тома також науковець.
<female> Tom's wife is also a scientist.,Жінка Тома також учена.
<female> Tom's wife is a teacher.,Дружина Тома — викладач.
<male> Tom's youngest son wants to be a veterinarian.,Молодший син Тома хоче стати ветеринаром.
<female> Tom thinks he's the best French teacher here.,"Том вважає, що він тут найкращий викладач французької."
<female> Tom told me his father was a teacher.,"Том сказав мені, що його батько — учитель."
<neutral> Tom told me that he'd like to become a doctor.,"Том сказав мені, що він хотів би стати лікарем."
<female> Tom told me that his father was a teacher.,"Том сказав мені, що його батько — учитель."
<neutral> Tom used to be a janitor.,Том колись був двірником.
<neutral> Tom used to be a janitor.,Том колись був прибиральником.
<neutral> Tom used to be a lawyer.,Том колись був адвокатом.
<neutral> Tom wanted to be a firefighter.,Том хотів бути пожежником.
<neutral> Tom wanted to be a firefighter.,Том хотів стати пожежником.
<male> Tom wanted to be a mechanic.,Том хотів стати механіком.
<female> Tom wanted to be a teacher.,Том хотів бути вчителем.
<neutral> Tom wanted to become a surgeon.,Том хотів стати хірургом.
<male> Tom wanted to talk to his lawyer.,Том хотів поговорити зі своїм адвокатом.
<neutral> Tom wants to be a computer programmer.,Том хоче бути програмістом.
<neutral> Tom wants to be a doctor.,Том хоче бути лікарем.
<neutral> Tom wants to be a doctor.,Том хоче стати лікарем.
<female> Tom wants to be a French teacher.,Том хоче бути викладачем французької.
<female> Tom wants to be a French teacher.,Том хоче стати викладачем французької.
<neutral> Tom wants to be a lawyer.,Том хоче бути адвокатом.
<neutral> Tom wants to be a lawyer.,Том хоче стати адвокатом.
<neutral> Tom wants to become a pharmacist.,Том хоче стати аптекарем.
<neutral> Tom was a lawyer.,Том був адвокатом.
<neutral> Tom was a pharmacist.,Том був аптекарем.
<female> Tom was Mary's teacher.,Том був учителем Мері.
<female> Tom was my first piano teacher.,Том був моїм першим викладачем гри на піаніно.
<female> Tom wasn't just a teacher.,Том не був лише вчителем.
<female> Tom went with Mary to see a doctor.,Том пішов з Мері до лікаря.
<neutral> Tom will be a doctor.,Том буде лікарем.
<neutral> Tom will be a good doctor.,Том буде добрим лікарем.
<female> Tom will be a good teacher.,Том буде добрим учителем.
<female> Tom will be a teacher.,Том буде викладачем.
<female> Tom will be a teacher.,Том буде учителем.
<female> Tom will become a teacher.,Том стане викладачем.
<female> Tom will become a teacher.,Том стане вчителем.
<neutral> Tom wishes to become a doctor.,Том бажає стати лікарем.
<neutral> Tom wishes to become a doctor.,Том хоче стати лікарем.
<female> Tom worked as a teacher and journalist.,Том працював вчителем і журналістом.
<female> Tom worked as a teacher in Boston for a few years.,Том кілька років працював учителем в Бостоні.
<neutral> Tom works as an architect.,Том працює архіртектором.
<neutral> Tom works as an electrician.,Том працює електриком.
<female> Tom would be a good teacher.,Том був би хорошим учителем.
<male> Turner stands out among the painters of his time.,Тернер виділяється серед художників його часів.
<neutral> Two nurses attended to the patient.,Про пацієнта турбувались дві медсестри.
"<neutral> Unfortunately, my teachers are not the worst ones.","На жаль, мої вчителі - це ще не найгірший випадок."
<neutral> Wages vary in relation to the age of the worker.,Заробіток коливається в залежності від віку працівника.
<female> We all chipped in to buy our teacher a birthday present.,Ми всі скинулися на подарунок на день народження вчителеві.
<female> We appealed to our teacher to go more slowly.,Ми попрохали нашого вчителья йти повільніше.
<neutral> We are doctors.,Ми - лікарі.
<neutral> We are looking for engineers.,Ми шукаємо інженерів.
<neutral> We are teachers.,Ми викладачі.
"<female> We asked our teacher: ""Can we come to your wedding?""","Ми запитали нашого вчителя: ""Ми можемо прийти на ваше весілля?"""
<neutral> Welcome to the world of chemistry.,Ласкаво просимо до світу хімії.
<neutral> We'll find you another lawyer.,Ми знайдемо вам іншого адвоката.
<neutral> We'll find you another lawyer.,Ми знайдемо тобі іншого адвоката.
<neutral> We need more doctors like you.,"Нам потрібно більше таких лікарів, як ви."
<neutral> We need more doctors like you.,"Нам потрібно більше таких лікарів, як ти."
<neutral> We need more workers.,Нам потрібно більше працівників.
<male> We now have more lawyers than honest men.,"Зараз в нас більше юристів, ніж чесних людей."
<neutral> We're all teachers.,Ми всі викладачі.
<neutral> We're all teachers.,Ми всі учителі.
<neutral> We're doctors.,Ми - лікарі.
<neutral> We're looking for a lawyer.,Ми шукаємо адвоката.
<neutral> We're teachers.,Ми викладачі.
<neutral> We should hire a lawyer.,Нам слід найняти адвоката.
<neutral> We've got to find a doctor.,Ми повинні знайти лікаря.
<neutral> What did the doctor do?,Що зробив лікар?
<neutral> What did the doctor say?,Що сказав лікар?
<neutral> What did the doctor tell you?,Що вам сказав лікар?
<neutral> What did the doctor tell you?,Що тобі сказав лікар?
<neutral> What did the specialist say?,Що сказав спеціаліст?
<neutral> What do teachers think?,Якої думки вчителі?
<neutral> What do you need a doctor for?,Навіщо вам лікар?
<neutral> What do you need a doctor for?,Навіщо тобі лікар?
<neutral> What'd the doctor say?,Що скав би лікар?
<neutral> What is the doctor doing?,Чим займається лікар?
<neutral> What is the doctor doing?,Що робить лікар?
<male> What made Bill decide to be an engineer?,Що примусило Біла вирішити стати інженером?
<female> What's her teacher's name?,Як звати її вчителя?
<female> What the teacher said got Mary to study harder.,"Те, що сказав учитель, спонукало Мері вчитися старанніше."
"<male> When he saw the police officer, he ran away.","Коли він побачив поліцейського, він втік."
"<neutral> When I grow up, I want to be a doctor.","Коли я виросту, я хочу бути лікарем."
"<female> When the teacher is very strict, the students must mind their P's and Q's.","Коли вчитель дуже суворий, учні повинні працювати з усієї сили."
<neutral> Where is a doctor?,Де лікар?
<neutral> Where's the bakery?,Де пекарня?
<neutral> Where's the doctor?,Де лікар?
<female> Where's the teacher?,Де вчитель?
<female> Who is their homeroom teacher?,Хто іхній класний керівник?
<female> Who is their homeroom teacher?,Хто їхній класний керівник?
<neutral> Who is the manager?,Хто керівник?
<female> Who is your Chinese teacher?,Хто твоя вчителька китайської?
<female> Who is your English teacher?,Хто ваш викладач англійської?
<female> Who is your English teacher?,Хто ваш учитель англійської?
<female> Who is your English teacher?,Хто твій викладач англійської?
<female> Who is your English teacher?,Хто твій учитель англійської?
<neutral> Who is your lawyer?,Хто твій адвокат?
<female> Who is your teacher?,Хто ваш вчитель?
<female> Who is your teacher?,Хто твій вчитель?
<neutral> Who's the manager?,Хто керівник?
<female> Who's Tom's French teacher?,Хто вчитель французької Тома?
<female> Who's your favorite teacher?,Хто ваш улюблений учитель?
<female> Who's your favorite teacher?,Хто твій улюблений учитель?
<female> Who's your French teacher?,Хто ваш викладач французької?
<female> Who's your French teacher?,Хто ваш учитель французької?
<female> Who's your French teacher?,Хто твій викладач французької?
<female> Who's your French teacher?,Хто твій учитель французької?
<neutral> Who's your lawyer?,Хто ваш адвокат?
<neutral> Who's your lawyer?,Хто твій адвокат?
<female> Who's your teacher?,Хто ваш вчитель?
<female> Who's your teacher?,Хто твій вчитель?
<female> Who was your favorite teacher in high school?,Хто був твоїм улюбленим учителем у старших класах?
<neutral> Why are chefs bald?,Чому шеф-кухарі лисі?
<female> Why did she want to become a teacher?,Чому вона захотіла стати учителем?
<female> Why did she want to become a teacher?,Чому вона хотіла стати учителем?
<neutral> Why do you want to be a doctor?,Чому ви хочете бути лікарем?
<neutral> Why do you want to be a doctor?,Чому ти хочеш бути лікарем?
<female> Why do you want to be a nurse?,Чому ви хочете бути медбратом?
<female> Why do you want to be a nurse?,Чому ви хочеш бути медсестрою?
<female> Why do you want to be a nurse?,Чому ти хочеш бути медбратом?
<female> Why do you want to be a nurse?,Чому ти хочеш бути медсестрою?
<female> Why do you want to become a nurse?,Чому ви хочете стати медбратом?
<female> Why do you want to become a nurse?,Чому ви хочете стати медсестрою?
<female> Why do you want to become a nurse?,Чому ти хочеш стати медбратом?
<female> Why do you want to become a nurse?,Чому ти хочеш стати медсестрою?
<female> Why not talk it over with your teacher?,Чому б не обговорити це з твоїм учителем?
<neutral> Workers made loud demands for higher wages.,Працівники голосно вимагали вищої зарплатні.
"<neutral> Workers of the world, unite!","Пролетарі всіх країн, єднайтеся!"
"<neutral> Yikes, and he's your doctor?","О боже, і він твій лікар?"
"<neutral> Yikes, and he's your doctor?","О боже, і це твій лікар?"
<neutral> You are a doctor.,Ви лікар.
<neutral> You are a doctor.,Ти лікар.
<female> You are a teacher.,Ви викладач.
<female> You are a teacher.,Ти викладач.
<female> You are a teacher.,Ти вчитель.
<neutral> You are doctors.,Ви лікарі.
<female> You are my secretary.,Ви мій секретар.
<female> You are my secretary.,Ви моя секретарка.
<female> You are my secretary.,Ти мій секретар.
<female> You are my secretary.,Ти моя секретарка.
<neutral> You are not a doctor.,Ви не лікар.
<neutral> You are not a doctor.,Ти не лікар.
"<neutral> You aren't a doctor, are you?",Ви ж не лікар?
"<neutral> You aren't a doctor, are you?","Ви не лікар, чи не так?"
"<neutral> You aren't a doctor, are you?",Ти ж не лікар?
"<neutral> You aren't a doctor, are you?","Ти не лікар, чи не так?"
<neutral> You can't be a doctor.,"Не може бути, щоб ти був лікарем."
<neutral> You can't be a doctor.,Ти не зможеш стати лікарем.
<neutral> You can't be serious! He's no more a doctor than I am.,"Жартуєш! Він такий самий лікар, як і я!"
<neutral> You'd better consult the doctor.,Краще проконсультуйся у лікаря.
<neutral> You'd better consult the doctor.,Краще проконсультуйтеся у лікаря.
<neutral> You'd better consult your doctor.,Тобі б краще проконсультуватися із лікарем.
<neutral> You look pale. Shall I call the doctor?,Ти бліда. Може викликати лікаря?
<female> You must be an extraordinary teacher.,Ти мусиш бути надзвичайним учителем.
<neutral> You need a doctor.,Вам потрібен лікар.
<neutral> You need a doctor.,Тобі потрібен лікар.
<neutral> You need to hire an criminal defense lawyer.,Тобі потрібен адвокат у кримінальних справах.
<female> You need to pay more attention to teacher.,Ти повинен приділяти учителю більше уваги.
<neutral> Your doctor says you're going to be OK.,"Ваш лікар каже, що все буде добре."
<neutral> Your doctor says you're going to be OK.,"Твій лікар каже, що все буде добре."
<neutral> Your doctor says you're going to be OK.,"Твій лікар каже, що у тебе все буде добре."
"<neutral> You're a bartender, aren't you?",Ти ж бармен?
"<neutral> You're a construction worker, aren't you?",Ти ж будівельник?
"<neutral> You're a doctor, right?","Ти лікар, так?"
<neutral> You're a doctor.,Ви лікар.
<neutral> You're a doctor.,Ти лікар.
"<neutral> You're a pharmacist, aren't you?","Ви аптекар, так?"
"<neutral> You're a pharmacist, aren't you?","Ти аптекар, так?"
<female> You're a teacher.,Ви викладач.
<female> You're a teacher.,Ти викладач.
<neutral> You're no doctor.,Ви не лікар.
<neutral> You're no doctor.,Ти не лікар.
<neutral> You're not a doctor.,Ви не лікар.
<neutral> You're really a hard worker.,Ви дуже добрий працівник.
<neutral> You're really a hard worker.,Ти дуже добрий працівник.
<neutral> You're the doctor.,Ви лікар.
<neutral> You're the doctor.,Ти лікар.
"<female> You're the new secretary, aren't you?","Ви новий секретар, чи не так?"
<neutral> You're the teacher's pet.,Ти учительська улюбленичка.
<neutral> You're the teacher's pet.,Ти учительський улюбленичек.
<female> You're the teacher.,Ви вчитель.
<female> You're the teacher.,Вчитель — це ви.
<female> You're the teacher.,Ти вчитель.
<female> Your teacher has obviously no manners.,"Ваш учитель, очевидно, не вміє себе поводити."
<neutral> You said you were a doctor.,"Ви сказали, що ви лікар."
<neutral> You said you were a doctor.,"Ти сказав, що ти лікар."
<neutral> You said you were a doctor.,"Ти сказала, що ти лікар."
<neutral> You should call for a doctor.,Вам слід викликати лікаря.
<neutral> You should call for a doctor.,Тобі слід викликати лікаря.
<neutral> You should hire a lawyer.,Вам слід найняти адвоката.
<neutral> You should hire a lawyer.,Тобі слід найняти адвоката.
<female> You should listen to your teacher.,Тобі слід слухати вчителя.
<neutral> You should see a doctor.,Вам слід звернутися до лікаря.
<neutral> You should see a doctor.,Тобі слід звернутися до лікаря.
<female> You should talk to the teacher yourself.,Ти маєш поговорити з учителем сам.
<female> Yumi will become a teacher.,Юмі стане вчителем.
